Index,Close,SMA,EMA,RSI,StochK,StochD
0,17.19,,,,,
1,17.12,,,,,
2,17.52,,,,,
3,17.50,,,,,
4,17.32,,,,,
5,17.33,,,,,
6,18.11,,,,,
7,18.24,,,,,
8,19.10,,,,,
9,19.26,,,,,
10,19.31,,,,,
11,19.56,,,,,
12,20.52,,,,,
13,20.94,0.00,2.79,0.00,0.00,0.00
14,21.05,18.78,2.81,93.86,100.00,0.00
15,20.25,19.00,2.70,80.51,79.64,0.00
16,20.31,19.20,2.71,79.12,80.16,86.60
17,20.49,19.41,2.73,80.20,84.99,81.60
18,20.15,19.62,2.69,77.69,75.87,80.34
19,19.62,19.78,2.62,70.34,61.56,74.14
20,19.85,19.90,2.65,67.13,59.18,65.54
21,19.10,19.97,2.55,57.54,30.61,50.45
22,19.00,19.96,2.53,48.99,0.00,29.93
23,19.55,19.98,2.61,52.72,26.83,19.14
24,19.70,20.01,2.63,53.59,34.15,20.33
25,20.31,20.06,2.71,56.48,63.90,41.63
26,20.15,20.03,2.69,46.29,56.10,51.38
27,19.31,19.92,2.57,34.94,15.12,45.04
28,20.14,19.85,2.69,42.58,55.61,42.28
29,19.67,19.81,2.62,45.00,44.97,38.57
30,18.69,19.70,2.49,37.95,0.00,33.53
31,18.60,19.56,2.48,35.75,0.00,14.99
32,20.06,19.55,2.67,49.42,85.38,28.46
33,20.40,19.61,2.72,55.16,100.00,61.79
34,20.91,19.68,2.79,56.76,100.00,95.13
35,21.36,19.85,2.85,64.99,100.00,100.00
36,21.30,20.01,2.84,65.33,97.83,99.28
37,20.92,20.11,2.79,59.35,84.06,93.96
38,22.04,20.28,2.94,64.10,100.00,93.96
39,21.84,20.39,2.91,59.70,94.19,92.75
40,22.84,20.58,3.05,65.41,100.00,98.06
41,22.84,20.83,3.05,72.37,100.00,98.06
42,23.36,21.06,3.11,71.24,100.00,100.00
43,23.83,21.36,3.18,77.44,100.00,100.00
44,24.56,21.78,3.27,90.04,100.00,100.00
45,23.95,22.16,3.19,84.08,89.77,96.59
46,22.79,22.35,3.04,68.08,60.67,83.48
47,22.82,22.53,3.04,66.71,58.17,69.53
48,21.70,22.58,2.89,55.03,21.64,46.83
49,21.48,22.59,2.86,50.79,15.38,31.73
50,20.95,22.57,2.79,47.84,0.82,12.62
51,21.21,22.59,2.83,51.82,7.97,8.06
52,20.14,22.45,2.69,38.01,0.00,2.93
53,20.58,22.36,2.74,42.28,9.95,5.97
54,21.55,22.27,2.87,42.07,31.90,13.95
55,22.12,22.22,2.95,45.86,44.80,28.88
56,21.29,22.07,2.84,38.51,26.02,34.24
57,20.91,21.86,2.79,33.63,17.42,29.41
58,20.59,21.58,2.75,26.67,10.18,17.87
59,20.13,21.30,2.68,27.15,0.00,9.20
60,20.23,21.12,2.70,32.47,3.72,4.63
61,19.84,20.91,2.65,30.55,0.00,1.24
62,20.94,20.85,2.79,45.03,48.25,17.32
63,18.60,20.65,2.48,35.25,0.00,16.08
64,18.09,20.44,2.41,35.32,0.00,16.08
65,17.09,20.15,2.28,30.34,0.00,0.00
66,17.30,19.95,2.31,35.24,4.17,1.39
67,18.35,19.79,2.45,39.10,25.05,9.74
68,20.39,19.70,2.72,44.87,65.61,31.61
69,21.21,19.64,2.83,46.06,81.91,57.52
70,20.85,19.61,2.78,48.01,89.52,79.01
71,21.20,19.63,2.83,51.31,99.76,90.40
72,20.05,19.59,2.67,47.73,71.84,87.04
73,22.13,19.73,2.95,57.41,100.00,90.53
74,21.60,19.83,2.88,54.92,89.48,87.11
75,20.15,19.85,2.69,51.03,60.71,83.40
76,18.65,19.69,2.49,42.56,30.95,60.38
77,19.09,19.73,2.55,51.82,39.68,43.78
78,17.92,19.71,2.39,49.40,16.47,29.03
79,16.90,19.70,2.25,49.33,0.00,18.72
80,16.61,19.65,2.21,47.58,0.00,5.49
81,15.51,19.45,2.07,40.07,0.00,0.00
82,16.62,19.18,2.22,35.90,16.77,5.59
83,14.52,18.70,1.94,27.17,0.00,5.59
84,15.03,18.28,2.00,30.34,6.70,7.82
85,14.02,17.77,1.87,26.78,0.00,2.23
86,14.32,17.36,1.91,30.39,3.70,3.47
87,15.28,16.87,2.04,24.61,15.54,6.41
88,14.85,16.39,1.98,24.79,10.95,10.06
89,14.82,16.01,1.98,27.74,13.05,13.18
90,14.40,15.71,1.92,30.49,7.50,10.50
91,14.06,15.35,1.87,26.69,0.79,7.11
92,14.27,15.09,1.90,31.43,6.41,4.90
93,13.98,14.88,1.86,33.96,0.00,2.40
94,14.00,14.69,1.87,35.22,0.76,2.39
95,14.11,14.59,1.88,41.07,4.92,1.89
96,13.60,14.38,1.81,29.14,0.00,1.89
97,13.20,14.28,1.76,38.09,0.00,1.64
98,12.60,14.11,1.68,28.42,0.00,0.00
99,12.45,14.00,1.66,33.54,0.00,0.00
100,12.78,13.89,1.70,33.96,11.66,3.89
101,14.30,13.82,1.91,40.86,65.37,25.68
102,14.21,13.77,1.89,43.63,73.33,50.12
103,14.15,13.72,1.89,43.37,71.73,70.14
104,14.17,13.71,1.89,47.53,88.21,77.76
105,13.44,13.66,1.79,43.85,53.51,71.15
106,12.84,13.56,1.71,36.83,21.08,54.27
107,12.32,13.44,1.64,35.34,0.00,24.86
108,12.17,13.31,1.62,34.20,0.00,7.03
109,12.71,13.21,1.69,38.75,25.35,8.45
110,12.27,13.11,1.64,39.19,4.69,10.02
111,12.18,13.04,1.62,41.27,0.47,10.17
112,11.51,12.96,1.53,40.78,0.00,1.72
113,11.42,12.89,1.52,41.20,0.00,0.16
114,10.88,12.76,1.45,34.32,0.00,0.00
115,10.63,12.49,1.42,11.69,0.00,0.00
116,10.19,12.21,1.36,10.89,0.00,0.00
117,9.06,11.84,1.21,9.02,0.00,0.00
118,9.37,11.50,1.25,13.08,6.07,2.02
119,9.47,11.22,1.26,16.18,9.36,5.14
120,9.57,10.98,1.28,19.55,13.49,9.64
121,9.83,10.80,1.31,25.64,21.10,14.65
122,10.37,10.68,1.38,33.64,35.89,23.49
123,10.91,10.55,1.45,33.64,50.68,35.89
124,10.32,10.41,1.38,32.74,39.25,41.94
125,10.28,10.27,1.37,33.04,39.10,43.01
126,10.03,10.17,1.34,35.71,39.59,39.32
127,9.36,10.02,1.25,32.12,12.71,30.47
128,8.56,9.85,1.14,30.73,0.00,17.43
129,8.28,9.69,1.10,30.58,0.00,4.24
130,8.67,9.58,1.16,37.33,14.83,4.94
131,9.23,9.59,1.23,51.57,36.12,16.98
132,9.51,9.60,1.27,51.30,46.77,32.57
133,8.84,9.55,1.18,44.72,21.29,34.73
134,9.09,9.52,1.21,46.08,30.80,32.95
135,8.91,9.45,1.19,42.38,23.95,25.35
136,9.31,9.38,1.24,41.02,39.16,31.31
137,9.44,9.27,1.26,36.61,44.11,35.74
138,9.17,9.19,1.22,38.88,43.63,42.30
139,9.31,9.12,1.24,40.80,51.50,46.41
140,9.90,9.11,1.32,48.84,92.57,62.57
141,10.23,9.18,1.36,58.25,100.00,81.36
142,9.98,9.28,1.33,65.04,87.18,93.25
143,9.83,9.39,1.31,66.88,79.49,88.89
144,10.14,9.49,1.35,66.30,94.23,86.97
145,9.11,9.48,1.21,48.80,19.42,64.38
146,8.67,9.42,1.16,41.83,0.00,37.89
147,8.30,9.39,1.11,44.42,0.00,6.47
148,8.79,9.36,1.17,47.05,25.39,8.46
149,9.97,9.44,1.33,58.72,86.53,37.31
150,10.02,9.49,1.34,56.20,89.12,67.01
151,9.83,9.52,1.31,53.37,79.27,84.97
152,9.12,9.51,1.22,49.60,42.49,70.29
153,9.40,9.52,1.25,50.71,56.99,59.59
154,8.91,9.45,1.19,42.11,31.61,43.70
155,9.08,9.37,1.21,40.59,40.41,43.01
156,9.45,9.33,1.26,45.75,62.50,44.84
157,10.03,9.34,1.34,51.50,94.02,65.65
158,10.04,9.34,1.34,49.21,94.57,83.70
159,9.71,9.38,1.29,55.30,81.03,89.87
160,9.64,9.45,1.29,59.17,77.01,84.20
161,9.50,9.54,1.27,61.86,68.97,75.67
162,9.90,9.61,1.32,61.17,88.80,78.26
163,9.40,9.57,1.25,43.36,43.36,67.04
164,9.23,9.52,1.23,41.04,28.32,53.49
165,9.55,9.50,1.27,46.92,56.64,42.77
166,9.42,9.52,1.26,53.79,45.13,43.36
167,9.57,9.53,1.28,52.22,58.41,53.39
168,9.27,9.56,1.24,54.95,31.86,45.13
169,9.24,9.57,1.23,52.29,16.67,35.64
170,9.25,9.55,1.23,46.82,2.47,17.00
171,8.92,9.47,1.19,30.80,0.00,6.38
172,8.52,9.37,1.14,26.83,0.00,0.82
173,8.74,9.30,1.17,34.70,15.94,5.31
174,8.47,9.21,1.13,32.64,0.00,5.31
175,8.34,9.13,1.11,32.74,0.00,5.31
176,8.39,9.02,1.12,24.92,3.21,1.07
177,8.86,8.98,1.18,40.94,42.28,15.16
178,9.20,8.98,1.23,49.52,69.92,38.47
179,8.92,8.94,1.19,39.87,47.15,53.12
180,9.22,8.92,1.23,46.95,71.54,62.87
181,9.33,8.90,1.24,46.30,80.49,66.40
182,9.42,8.92,1.26,52.48,100.00,84.01
183,9.80,8.96,1.31,58.28,100.00,93.50
184,9.33,8.96,1.24,51.04,67.81,89.27
185,9.36,8.99,1.25,56.21,69.86,79.22
186,9.71,9.08,1.29,67.05,93.84,77.17
187,9.66,9.14,1.29,63.86,90.41,84.70
188,10.26,9.27,1.37,74.52,100.00,94.75
189,10.69,9.44,1.43,79.75,100.00,96.80
190,10.71,9.61,1.43,79.59,100.00,100.00
191,10.92,9.75,1.46,78.14,100.00,100.00
192,10.57,9.85,1.41,68.66,82.50,94.17
193,11.58,10.04,1.54,80.23,100.00,94.17
194,11.81,10.23,1.57,79.91,100.00,94.17
195,12.27,10.43,1.64,81.41,100.00,100.00
196,12.46,10.65,1.66,81.80,100.00,100.00
197,13.34,10.91,1.78,83.52,100.00,100.00
198,12.98,11.17,1.73,85.30,91.02,97.01
199,12.95,11.42,1.73,84.72,90.20,93.74
200,13.07,11.66,1.74,84.01,92.66,91.30
201,13.00,11.90,1.73,83.67,90.76,91.21
202,12.87,12.09,1.72,79.06,84.74,89.39
203,13.22,12.27,1.76,78.68,95.67,90.39
204,12.52,12.40,1.67,67.78,70.40,83.60
205,12.77,12.53,1.70,68.03,79.42,81.83
206,12.82,12.69,1.71,73.29,81.23,77.02
207,13.06,12.80,1.74,68.23,84.09,81.58
208,13.79,12.94,1.84,71.71,100.00,88.44
209,14.43,13.09,1.92,72.78,100.00,94.70
210,13.79,13.19,1.84,62.81,67.51,89.17
211,13.66,13.21,1.82,53.60,59.69,75.73
212,13.51,13.25,1.80,56.26,51.83,59.68
213,13.77,13.31,1.84,59.19,65.45,58.99
214,13.73,13.35,1.83,57.53,63.35,60.21
215,13.98,13.42,1.86,60.75,76.44,68.41
216,13.90,13.50,1.85,61.42,72.25,70.68
217,14.04,13.55,1.87,59.53,79.58,76.09
218,13.70,13.64,1.83,64.97,61.78,71.20
219,12.89,13.65,1.72,51.33,7.23,49.53
220,12.84,13.65,1.71,50.22,1.24,23.42
221,13.48,13.68,1.80,54.29,40.25,16.24
222,13.07,13.63,1.74,42.14,14.47,18.65
223,12.83,13.51,1.71,30.86,0.00,18.24
224,12.39,13.41,1.65,32.41,0.00,4.82
225,12.54,13.33,1.67,36.00,9.09,3.03
226,12.65,13.27,1.69,39.14,15.76,8.28
227,12.33,13.17,1.64,32.09,0.00,8.28
228,12.36,13.07,1.65,32.92,1.75,5.84
229,12.88,12.99,1.72,37.15,32.16,11.31
230,12.79,12.91,1.71,37.06,26.90,20.27
231,12.57,12.81,1.68,33.18,14.04,24.37
232,12.57,12.73,1.68,35.98,17.52,19.48
233,13.00,12.74,1.73,51.51,58.26,29.94
234,13.08,12.75,1.74,53.26,65.22,47.00
235,13.10,12.73,1.75,43.79,66.96,63.48
236,13.02,12.72,1.74,49.08,89.61,73.93
237,13.01,12.73,1.73,53.60,88.31,81.63
238,13.38,12.81,1.78,70.37,100.00,92.64
239,13.14,12.85,1.75,61.90,77.14,88.48
240,13.45,12.91,1.79,64.71,100.00,92.38
241,13.15,12.96,1.75,65.19,73.21,83.45
242,13.17,13.02,1.76,65.06,74.31,82.51
243,12.97,13.03,1.73,51.90,45.45,64.33
244,13.22,13.06,1.76,58.50,73.86,64.54
245,12.60,13.06,1.68,50.51,3.41,40.91
246,13.21,13.11,1.76,59.04,72.73,50.00
247,12.85,13.10,1.71,47.84,29.41,35.18
248,12.69,13.07,1.69,44.51,10.59,37.58
249,12.16,13.00,1.62,38.42,0.00,13.33
250,12.35,12.95,1.65,41.97,14.73,8.44
251,11.76,12.86,1.57,36.84,0.00,4.91
252,11.51,12.73,1.53,29.81,0.00,4.91
253,11.77,12.63,1.57,35.27,13.40,4.47
254,11.46,12.49,1.53,28.60,0.00,4.47
255,11.81,12.40,1.57,35.74,19.89,11.10
256,11.79,12.30,1.57,35.32,18.75,12.88
257,11.99,12.23,1.60,39.57,30.11,22.92
258,11.78,12.12,1.57,34.55,18.18,22.35
259,11.99,12.08,1.60,42.82,30.29,26.19
260,11.41,11.95,1.52,28.67,0.00,16.16
261,10.79,11.80,1.44,27.01,0.00,10.10
262,10.73,11.66,1.43,27.63,0.00,0.00
263,10.36,11.54,1.38,28.67,0.00,0.00
264,10.12,11.38,1.35,23.89,0.00,0.00
265,10.03,11.25,1.34,27.06,0.00,0.00
266,9.50,11.11,1.27,25.19,0.00,0.00
267,10.02,10.98,1.34,29.70,20.88,6.96
268,10.70,10.93,1.43,41.88,48.19,23.03
269,10.42,10.83,1.39,34.92,36.95,35.34
270,10.49,10.74,1.40,36.05,39.76,41.63
271,10.03,10.60,1.34,30.08,21.29,32.66
272,10.16,10.48,1.35,33.26,26.51,29.18
273,10.01,10.34,1.33,29.29,20.48,22.76
274,10.34,10.26,1.38,38.19,43.98,30.32
275,9.69,10.19,1.29,37.94,14.73,26.40
276,9.99,10.13,1.33,42.29,39.84,32.85
277,9.98,10.11,1.33,45.72,40.00,31.52
278,9.82,10.08,1.31,46.56,26.67,35.50
279,9.50,10.05,1.27,44.23,0.00,22.22
280,9.30,10.03,1.24,47.65,0.00,8.89
281,9.15,9.97,1.22,38.82,0.00,0.00
282,8.99,9.85,1.20,24.63,0.00,0.00
283,8.74,9.73,1.17,24.85,0.00,0.00
284,8.69,9.60,1.16,22.89,0.00,0.00
285,8.30,9.48,1.11,23.38,0.00,0.00
286,7.89,9.31,1.05,17.85,0.00,0.00
287,7.85,9.16,1.05,18.42,0.00,0.00
288,8.13,9.00,1.08,17.21,11.24,3.75
289,8.92,8.95,1.19,39.03,50.00,20.41
290,9.02,8.88,1.20,35.35,54.67,38.64
291,9.19,8.82,1.23,38.62,62.91,55.86
292,8.59,8.73,1.15,34.27,37.56,51.72
293,8.82,8.68,1.18,41.10,58.79,53.09
294,8.76,8.65,1.17,42.66,62.76,53.04
295,8.51,8.60,1.13,41.53,49.25,56.93
296,8.64,8.57,1.15,45.33,58.96,56.99
297,8.39,8.55,1.12,45.33,40.30,49.50
298,7.97,8.50,1.06,41.26,8.96,36.07
299,7.66,8.45,1.02,42.08,0.00,16.42
300,7.72,8.44,1.03,47.70,3.92,4.29
301,7.65,8.43,1.02,47.31,0.00,1.31
302,8.14,8.43,1.09,50.13,31.82,11.91
303,7.86,0.00,7.86,0.00,0.00,0.00
304,7.60,0.00,7.83,0.00,0.00,0.00
305,7.30,0.00,0.97,0.00,0.00,0.00
306,6.97,0.00,0.93,0.00,0.00,0.00
307,6.82,0.00,0.91,0.00,0.00,0.00
308,6.96,0.00,0.93,0.00,0.00,0.00
309,6.82,0.00,0.91,0.00,0.00,0.00
310,6.44,0.00,0.86,0.00,0.00,0.00
311,6.59,0.00,0.88,0.00,0.00,0.00
312,7.24,0.00,0.97,0.00,0.00,0.00
313,7.02,0.00,0.94,0.00,0.00,0.00
314,7.77,0.00,1.04,0.00,0.00,0.00
315,7.82,0.00,1.04,0.00,0.00,0.00
316,8.19,0.00,1.09,0.00,0.00,0.00
317,8.47,7.29,1.13,57.31,100.00,0.00
318,8.75,7.37,1.17,63.72,100.00,0.00
319,8.80,7.48,1.17,69.04,100.00,100.00
320,8.13,7.56,1.08,63.55,71.61,90.54
321,7.96,7.64,1.06,63.26,64.41,78.67
322,8.00,7.71,1.07,62.38,66.10,67.37
323,7.95,7.79,1.06,63.75,63.98,64.83
324,7.95,7.90,1.06,70.24,63.98,64.69
325,8.05,8.01,1.07,69.84,66.06,64.68
326,7.75,8.04,1.03,57.66,41.01,57.02
327,8.02,8.11,1.07,64.79,56.18,54.42
328,7.99,8.13,1.07,54.14,22.86,40.02
329,7.85,8.13,1.05,50.55,9.52,29.52
330,7.60,8.09,1.01,38.78,0.00,10.79
331,7.95,8.05,1.06,40.37,29.17,12.90
332,7.61,7.97,1.01,29.35,0.83,10.00
333,7.71,7.89,1.03,30.60,9.17,13.06
334,8.48,7.92,1.13,56.01,100.00,36.67
335,8.08,7.93,1.08,51.91,54.55,54.57
336,8.11,7.94,1.08,51.76,57.95,70.83
337,7.82,7.93,1.04,48.07,25.00,45.83
338,7.91,7.92,1.05,49.42,35.23,39.39
339,7.61,7.89,1.01,43.99,1.14,20.45
340,7.72,7.89,1.03,49.57,13.64,16.67
341,7.58,7.86,1.01,43.41,0.00,4.92
342,7.27,7.81,0.97,40.06,0.00,4.55
343,7.70,7.80,1.03,48.08,35.54,11.85
344,7.76,7.81,1.03,52.15,40.50,25.34
345,7.82,7.80,1.04,48.10,45.45,40.50
346,7.84,7.82,1.05,53.70,47.11,44.35
347,8.08,7.84,1.08,55.69,66.94,53.17
348,8.50,7.84,1.13,50.34,100.00,71.35
349,7.90,7.83,1.05,47.10,51.22,72.72
350,7.92,7.82,1.06,46.93,52.85,68.02
351,7.60,7.80,1.01,46.47,26.83,43.63
352,7.67,7.78,1.02,46.13,32.52,37.40
353,7.49,7.78,1.00,47.99,17.89,25.75
354,7.52,7.76,1.00,46.55,20.33,23.58
355,7.98,7.79,1.06,56.21,57.72,31.98
356,7.52,7.81,1.00,53.71,20.33,32.79
357,7.19,7.77,0.96,42.20,0.00,26.02
358,7.13,7.73,0.95,40.37,0.00,6.78
359,7.65,7.71,1.02,47.72,37.96,12.65
360,7.45,7.69,0.99,45.01,23.36,20.44
361,7.25,7.63,0.97,39.28,8.76,23.36
362,7.21,7.53,0.96,31.52,5.84,12.65
363,7.42,7.50,0.99,42.26,34.12,16.24
364,7.29,7.45,0.97,40.19,18.82,19.59
365,7.20,7.43,0.96,43.29,8.24,20.39
366,7.02,7.38,0.94,39.48,0.00,9.02
367,6.64,7.32,0.89,37.08,0.00,2.75
368,6.79,7.27,0.91,39.30,11.19,3.73
369,6.93,7.19,0.92,33.01,21.64,10.95
370,6.70,7.13,0.89,35.66,5.94,12.93
371,6.69,7.10,0.89,40.16,4.95,10.84
372,6.70,7.07,0.89,41.37,5.94,5.61
373,6.87,7.01,0.92,31.78,22.77,11.22
374,6.68,6.96,0.89,31.92,4.94,11.22
375,6.40,6.90,0.85,30.77,0.00,9.24
376,6.26,6.83,0.83,29.44,0.00,1.65
377,6.27,6.75,0.84,22.75,0.86,0.29
378,6.09,6.66,0.81,22.22,0.00,0.29
379,5.53,6.54,0.74,18.25,0.00,0.29
380,5.27,6.42,0.70,17.71,0.00,0.00
381,5.69,6.35,0.76,32.73,25.30,8.43
382,5.17,6.23,0.69,24.04,0.00,8.43
383,4.80,6.08,0.64,18.21,0.00,8.43
384,4.66,5.93,0.62,18.71,0.00,0.00
385,4.43,5.77,0.59,17.53,0.00,0.00
386,4.50,5.62,0.60,18.93,2.87,0.96
387,4.41,5.44,0.59,14.45,0.00,0.96
388,4.20,5.26,0.56,14.37,0.00,0.96
389,4.57,5.13,0.61,24.37,16.82,5.61
390,4.60,5.01,0.61,26.01,19.32,12.05
391,4.84,4.91,0.65,30.62,30.92,22.35
392,4.72,4.81,0.63,31.13,27.51,25.92
393,4.30,4.73,0.57,32.38,6.71,21.71
394,4.49,4.67,0.60,38.60,19.46,17.90
395,4.73,4.60,0.63,35.19,35.57,20.58
396,4.54,4.56,0.61,39.18,35.05,30.03
397,4.31,4.52,0.57,41.16,17.19,29.27
398,4.23,4.49,0.56,42.07,4.69,18.98
399,4.45,4.49,0.59,50.37,39.06,13.02
400,4.57,4.50,0.61,51.27,57.81,32.29
401,4.44,4.50,0.59,50.54,37.50,44.79
402,4.68,4.53,0.62,58.51,75.00,56.77
403,4.59,4.53,0.61,50.39,59.02,57.17
404,4.46,4.53,0.59,47.35,37.70,57.24
405,5.04,4.54,0.67,53.36,100.00,65.57
406,4.92,4.55,0.66,53.36,85.19,74.30
407,4.87,4.59,0.65,60.92,79.01,88.07
408,4.89,4.62,0.65,58.20,81.48,81.89
409,4.87,4.63,0.65,53.15,79.01,79.84
410,5.14,4.68,0.69,63.04,100.00,86.83
411,5.31,4.75,0.71,72.32,100.00,93.00
412,5.65,4.85,0.75,78.40,100.00,100.00
413,6.57,5.00,0.88,83.12,100.00,100.00
414,7.22,5.19,0.96,85.52,100.00,100.00
415,7.37,5.40,0.98,89.07,100.00,100.00
416,7.47,5.60,1.00,88.64,100.00,100.00
417,7.60,5.81,1.01,91.23,100.00,100.00
418,7.95,6.06,1.06,95.09,100.00,100.00
419,8.09,6.28,1.08,94.46,100.00,100.00
420,7.40,6.46,0.99,81.00,78.57,92.86
421,6.61,6.58,0.88,68.35,54.04,77.54
422,7.23,6.75,0.96,71.91,73.29,68.63
423,8.10,6.98,1.08,76.09,100.00,75.78
424,8.12,7.19,1.08,75.08,100.00,91.10
425,8.06,7.39,1.07,73.58,97.86,99.29
426,8.11,7.56,1.08,72.20,99.60,99.15
427,7.78,7.65,1.04,62.22,78.06,91.84
428,7.81,7.69,1.04,56.81,79.47,85.71
429,8.44,7.77,1.13,61.12,100.00,85.84
430,8.49,7.84,1.13,60.71,100.00,93.16
431,8.44,7.90,1.13,58.97,97.34,99.11
432,8.31,7.93,1.11,54.04,90.43,95.92
433,8.36,7.95,1.11,53.09,93.09,93.62
434,7.54,7.96,1.01,51.56,49.47,77.66
435,7.80,8.04,1.04,64.99,63.30,68.62
436,7.58,8.07,1.01,54.90,27.78,46.85
437,7.70,8.04,1.03,42.91,16.84,35.97
438,8.26,8.05,1.10,52.08,75.79,40.14
439,8.39,8.07,1.12,54.81,89.47,60.70
440,9.04,8.14,1.21,61.54,100.00,88.42
441,9.49,8.26,1.27,70.60,100.00,96.49
442,9.16,8.36,1.22,65.17,83.08,94.36
443,9.69,8.45,1.29,64.37,100.00,94.36
444,9.24,8.50,1.23,57.89,79.07,87.38
445,9.61,8.58,1.28,61.54,96.28,91.78
446,9.48,8.67,1.26,61.54,90.23,88.53
447,9.75,8.77,1.30,63.14,100.00,95.50
448,9.33,8.89,1.24,68.30,81.00,90.41
449,9.67,9.03,1.29,68.81,96.31,92.44
450,10.25,9.22,1.37,75.05,100.00,92.44
451,10.23,9.40,1.36,74.19,99.22,98.51
452,10.23,9.54,1.36,71.09,98.99,99.40
453,10.17,9.67,1.36,69.35,95.70,97.97
454,9.78,9.72,1.30,58.53,61.16,85.28
455,9.92,9.75,1.32,55.33,69.72,75.53
456,9.81,9.80,1.31,58.53,59.63,63.50
457,10.08,9.82,1.34,55.49,83.17,70.84
458,9.48,9.84,1.26,53.24,23.76,55.52
459,10.21,9.88,1.36,57.39,95.65,67.53
460,10.25,9.94,1.37,59.70,100.00,73.14
461,9.79,9.94,1.31,50.48,50.00,81.88
462,9.46,9.95,1.26,51.60,14.13,54.71
463,9.75,9.96,1.30,51.00,36.71,33.61
464,9.50,9.90,1.27,39.84,5.06,18.63
465,9.32,9.84,1.24,38.18,0.00,13.92
466,8.96,9.75,1.19,34.92,0.00,1.69
467,8.90,9.66,1.19,34.92,0.00,0.00
468,8.50,9.57,1.13,34.83,0.00,0.00
469,8.53,9.47,1.14,33.09,1.71,0.57
470,8.67,9.39,1.16,36.23,9.71,3.81
471,8.23,9.25,1.10,28.54,0.00,3.81
472,8.38,9.18,1.12,35.75,7.43,5.71
473,8.04,9.02,1.07,18.73,0.00,2.48
474,8.18,8.87,1.09,21.01,6.33,4.59
475,8.32,8.77,1.11,27.38,16.00,7.44
476,8.57,8.70,1.14,35.96,30.99,17.78
477,8.46,8.61,1.13,28.43,24.56,23.85
478,8.62,8.55,1.15,34.83,39.73,31.76
479,9.39,8.55,1.25,51.00,100.00,54.76
480,9.18,8.57,1.22,53.29,84.44,74.72
481,8.78,8.56,1.17,48.37,54.81,79.75
482,8.62,8.57,1.15,51.74,42.96,60.74
483,8.30,8.55,1.11,46.92,19.26,39.01
484,8.51,8.54,1.13,47.89,34.81,32.35
485,8.50,8.56,1.13,54.01,34.07,29.38
486,8.95,8.60,1.19,57.77,67.41,45.43
487,9.18,8.68,1.22,66.01,84.44,61.98
488,9.53,8.78,1.27,67.90,100.00,83.95
489,9.34,8.85,1.25,63.35,84.55,89.67
490,9.67,8.93,1.29,64.10,100.00,94.85
491,9.25,8.99,1.23,59.38,69.34,84.63
492,8.78,9.00,1.17,51.77,35.04,68.13
493,9.20,8.98,1.23,47.72,65.69,56.69
494,9.50,9.01,1.27,53.76,87.59,62.77
495,9.42,9.05,1.26,58.12,81.75,27.25
496,9.82,9.14,1.31,64.35,100.00,60.58
497,9.87,9.25,1.32,70.08,100.00,93.92
498,9.29,9.31,1.24,59.11,57.66,85.89
499,9.50,9.38,1.27,61.16,72.99,76.89
500,9.56,9.42,1.27,57.46,71.56,67.41
501,9.84,9.47,1.31,57.97,97.25,80.60
502,10.36,9.53,1.38,59.63,100.00,89.60
503,10.65,9.62,1.42,64.85,100.00,99.08
504,10.63,9.69,1.42,61.71,98.93,99.64
505,10.93,9.81,1.46,71.11,100.00,99.64
506,11.02,9.97,1.47,81.11,100.00,99.64
507,11.55,10.14,1.54,81.67,100.00,100.00
508,11.78,10.30,1.57,81.32,100.00,100.00
509,11.82,10.47,1.58,83.33,100.00,100.00
510,11.85,10.62,1.58,81.42,100.00,100.00
511,11.94,10.77,1.59,81.65,100.00,100.00
512,12.03,10.96,1.60,99.28,100.00,100.00
513,11.88,11.13,1.58,93.75,94.07,98.02
514,11.51,11.27,1.53,82.18,78.95,91.01
515,11.44,11.39,1.53,78.37,73.06,82.03
516,11.87,11.49,1.58,77.66,90.42,80.81
517,11.25,11.54,1.50,59.80,44.29,69.25
518,11.36,11.59,1.51,61.59,52.14,62.28
519,11.90,11.66,1.59,64.31,88.18,61.54
520,12.01,11.73,1.60,64.52,98.02,79.45
521,11.65,11.74,1.55,51.54,51.28,79.16
522,11.91,11.74,1.59,51.99,84.62,77.97
523,11.88,11.75,1.58,50.92,80.77,72.22
524,11.56,11.73,1.54,45.92,39.74,68.38
525,12.10,11.74,1.61,52.00,100.00,73.50
526,12.00,11.74,1.60,49.63,88.24,75.99
527,12.31,11.77,1.64,55.16,100.00,96.08
528,12.49,11.84,1.67,62.31,100.00,96.08
529,12.76,11.93,1.70,65.79,100.00,100.00
530,12.88,12.00,1.72,63.05,100.00,100.00
531,12.79,12.11,1.71,73.05,94.48,98.16
532,12.35,12.18,1.65,63.49,65.13,86.54
533,12.67,12.24,1.69,61.16,84.09,81.23
534,12.40,12.27,1.65,55.40,63.64,70.95
535,12.53,12.33,1.67,63.02,73.48,73.74
536,12.55,12.38,1.67,60.19,75.00,70.71
537,12.87,12.45,1.72,64.43,99.24,82.58
538,13.09,12.56,1.75,72.97,100.00,91.41
539,12.85,12.61,1.71,62.38,77.98,92.41
540,13.00,12.68,1.73,66.23,91.74,89.91
541,13.57,12.77,1.81,68.86,100.00,89.91
542,13.83,12.87,1.84,69.59,100.00,97.25
543,13.98,12.95,1.86,68.48,100.00,100.00
544,14.22,13.05,1.90,69.59,100.00,100.00
545,13.51,13.10,1.80,58.91,62.03,87.34
546,13.95,13.22,1.86,69.80,85.56,82.53
547,13.01,13.24,1.73,53.65,33.52,60.37
548,13.11,13.29,1.75,57.91,39.01,52.70
549,13.51,13.36,1.80,60.29,57.99,43.51
550,13.16,13.40,1.75,55.99,36.53,44.51
551,13.05,13.42,1.74,51.84,14.60,36.37
552,13.50,13.45,1.80,54.01,47.45,32.86
553,13.66,13.50,1.82,58.05,59.12,40.39
554,14.00,13.58,1.87,59.58,81.97,62.85
555,13.69,13.58,1.83,51.21,56.20,65.76
556,13.40,13.55,1.79,45.69,32.23,56.80
557,13.12,13.49,1.75,41.60,9.09,32.51
558,13.85,13.47,1.85,46.70,69.42,36.91
559,13.43,13.46,1.79,49.25,42.42,40.31
560,13.57,13.43,1.81,46.22,56.57,56.14
561,13.97,13.50,1.86,60.71,96.97,65.32
562,14.02,13.57,1.87,60.27,100.00,84.51
563,14.58,13.64,1.94,61.66,100.00,98.99
564,15.10,13.78,2.01,70.38,100.00,100.00
565,15.26,13.94,2.03,72.97,100.00,100.00
566,15.73,14.10,2.10,73.08,100.00,100.00
567,15.39,14.22,2.05,67.27,86.97,95.66
568,15.76,14.35,2.10,67.46,100.00,95.66
569,16.26,14.53,2.17,74.57,100.00,95.66
570,16.90,14.78,2.25,81.36,100.00,100.00
571,17.42,15.09,2.32,86.94,100.00,100.00
572,17.62,15.36,2.35,85.63,100.00,100.00
573,17.74,15.67,2.37,93.19,100.00,100.00
574,17.95,15.98,2.39,93.28,100.00,100.00
575,18.20,16.28,2.43,93.08,100.00,100.00
576,18.00,16.56,2.40,89.33,95.22,98.41
577,18.10,16.82,2.41,88.26,97.24,97.48
578,18.09,17.03,2.41,86.55,96.45,96.30
579,18.09,17.23,2.41,86.01,96.26,96.65
580,17.69,17.37,2.36,75.39,81.85,91.52
581,16.86,17.48,2.25,66.90,52.31,76.81
582,16.13,17.50,2.15,53.93,15.16,49.78
583,15.99,17.48,2.13,46.90,0.00,22.49
584,17.21,17.51,2.29,53.14,55.20,23.46
585,17.04,17.48,2.27,45.85,47.51,34.24
586,16.65,17.41,2.22,39.83,29.86,44.19
587,15.50,17.25,2.07,30.69,0.00,25.79
588,14.01,16.97,1.87,22.18,0.00,9.95
589,14.00,16.67,1.87,19.30,0.00,0.00
590,14.74,16.44,1.97,27.91,18.05,6.02
591,14.29,16.16,1.91,25.36,7.07,2.36
592,14.52,15.91,1.94,27.55,12.71,6.60
593,15.58,15.73,2.08,36.07,38.63,19.47
594,15.93,15.60,2.12,40.18,52.30,34.55
595,15.85,15.53,2.11,43.85,57.63,49.52
596,15.58,15.49,2.08,46.45,49.22,53.05
597,15.30,15.44,2.04,45.63,40.50,49.12
598,15.46,15.32,2.06,37.19,45.48,45.07
599,14.66,15.15,1.95,34.05,21.71,35.90
600,16.00,15.10,2.13,46.14,75.47,47.56
601,15.44,15.10,2.06,49.62,72.00,56.39
602,15.83,15.23,2.11,63.54,91.50,79.66
603,15.66,15.35,2.09,62.06,83.00,82.17
604,16.15,15.45,2.15,60.63,100.00,91.50
605,15.86,15.56,2.11,62.13,84.41,89.14
606,15.70,0.00,15.70,0.00,0.00,0.00
607,15.58,0.00,15.68,0.00,0.00,0.00
608,15.60,0.00,2.08,0.00,0.00,0.00
609,15.45,0.00,2.06,0.00,0.00,0.00
610,14.74,0.00,1.97,0.00,0.00,0.00
611,14.85,0.00,1.98,0.00,0.00,0.00
612,14.76,0.00,1.97,0.00,0.00,0.00
613,14.36,0.00,1.91,0.00,0.00,0.00
614,14.35,0.00,1.91,0.00,0.00,0.00
615,14.34,0.00,1.91,0.00,0.00,0.00
616,14.01,0.00,1.87,0.00,0.00,0.00
617,14.24,0.00,1.90,0.00,0.00,0.00
618,14.42,0.00,1.92,0.00,0.00,0.00
619,14.41,0.00,1.92,0.00,0.00,0.00
620,14.78,14.71,1.97,33.21,45.56,0.00
621,14.87,14.66,1.98,36.90,54.09,0.00
622,14.66,14.59,1.95,33.79,40.88,46.84
623,15.50,14.59,2.07,50.70,100.00,64.99
624,15.50,14.65,2.07,63.19,100.00,80.29
625,15.75,14.71,2.10,64.90,100.00,100.00
626,15.66,14.78,2.09,64.90,94.83,98.28
627,15.33,14.84,2.04,66.44,75.86,90.23
628,15.48,14.93,2.06,68.28,84.48,85.06
629,15.66,15.02,2.09,70.25,94.83,85.06
630,15.90,15.15,2.12,79.81,100.00,93.10
631,15.68,15.26,2.09,72.78,86.75,93.86
632,15.75,15.35,2.10,71.80,89.93,92.23
633,15.82,15.45,2.11,72.67,94.63,90.44
634,15.79,15.53,2.11,68.23,91.13,91.90
635,15.77,15.59,2.10,66.67,89.52,91.76
636,16.00,15.69,2.13,74.63,100.00,93.55
637,15.99,15.72,2.13,62.96,98.51,96.01
638,16.04,15.76,2.14,63.92,100.00,99.50
639,15.80,15.76,2.11,51.30,66.20,88.23
640,15.62,15.76,2.08,49.01,40.85,69.01
641,14.84,15.72,1.98,40.08,0.00,35.68
642,15.02,15.69,2.00,40.80,15.00,18.62
643,15.02,15.65,2.00,36.21,15.00,10.00
644,14.89,15.57,1.99,27.15,4.17,11.39
645,15.34,15.55,2.05,43.03,41.67,20.28
646,14.96,15.49,1.99,35.64,10.00,18.61
647,14.70,15.41,1.96,30.95,0.00,17.22
648,15.10,15.36,2.01,39.58,29.85,13.28
649,15.05,15.31,2.01,39.22,26.12,18.66
650,15.58,15.28,2.08,44.23,65.67,40.55
651,15.62,15.26,2.08,44.96,68.66,53.48
652,15.82,15.24,2.11,47.12,83.58,72.64
653,15.84,15.24,2.11,50.56,100.00,84.08
654,15.86,15.26,2.11,53.49,100.00,94.53
655,15.61,15.32,2.08,63.23,78.45,92.82
656,15.92,15.38,2.12,64.80,100.00,92.82
657,16.09,15.46,2.15,66.67,100.00,92.82
658,15.70,15.51,2.09,61.67,71.94,90.65
659,15.56,15.53,2.07,53.48,61.87,77.94
660,15.18,15.55,2.02,53.48,34.53,56.12
661,15.52,15.60,2.07,62.65,58.99,51.80
662,15.11,15.60,2.01,50.15,5.77,33.10
663,15.32,15.62,2.04,53.96,25.96,30.24
664,15.10,15.59,2.01,42.26,0.00,10.58
665,15.18,15.56,2.02,42.99,8.08,11.35
666,14.55,15.47,1.94,32.21,0.00,2.69
667,14.50,15.37,1.93,31.39,0.00,2.69
668,14.31,15.26,1.91,29.44,0.00,0.00
669,14.37,15.17,1.92,32.68,3.37,1.12
670,13.59,15.01,1.81,21.23,0.00,1.12
671,14.20,14.87,1.89,28.95,24.40,9.26
672,13.71,14.73,1.83,28.32,5.69,10.03
673,13.16,14.56,1.75,26.00,0.00,10.03
674,13.60,14.44,1.81,34.39,18.64,8.11
675,13.00,14.26,1.73,26.32,0.00,6.21
676,13.66,14.16,1.82,36.98,28.45,15.70
677,13.57,14.04,1.81,33.94,24.57,17.67
678,13.48,13.92,1.80,34.77,22.02,25.01
679,13.77,13.82,1.84,37.25,35.32,27.30
680,13.95,13.78,1.86,44.09,61.29,39.54
681,14.45,13.77,1.93,49.55,96.67,64.43
682,14.45,13.78,1.93,51.31,100.00,85.99
683,14.49,13.79,1.93,51.13,100.00,98.89
684,14.67,13.87,1.96,61.44,100.00,100.00
685,14.85,13.92,1.98,57.58,100.00,100.00
686,14.57,13.98,1.94,60.54,84.86,94.95
687,14.53,14.07,1.94,69.19,82.70,89.19
688,14.70,14.15,1.96,66.67,91.89,86.49
689,14.94,14.29,1.99,82.99,100.00,91.53
690,14.68,14.36,1.96,70.08,82.19,91.36
691,14.65,14.44,1.95,71.77,80.14,87.44
692,14.08,14.48,1.88,60.14,41.10,67.81
693,14.28,14.52,1.90,58.89,43.59,54.94
694,14.10,14.53,1.88,52.61,15.15,33.28
695,13.60,14.47,1.81,35.19,0.00,19.58
696,13.88,14.43,1.85,40.95,20.90,12.02
697,14.03,14.40,1.87,42.94,32.09,17.66
698,14.34,14.37,1.91,45.13,55.22,36.07
699,14.00,14.31,1.87,38.03,29.85,39.05
700,13.73,14.25,1.83,38.14,9.70,31.59
701,13.97,14.21,1.86,42.51,27.61,22.39
702,13.99,14.16,1.87,40.11,29.10,22.14
703,14.16,14.11,1.89,38.92,41.79,32.84
704,13.60,14.03,1.81,35.86,0.00,23.63
705,14.21,14.00,1.89,45.00,58.10,33.30
706,14.08,14.00,1.88,50.00,64.86,40.99
707,14.14,13.99,1.89,48.17,72.97,65.31
708,14.73,14.03,1.96,57.45,100.00,79.28
709,14.82,14.12,1.98,65.97,100.00,90.99
710,15.45,14.23,2.06,68.82,100.00,100.00
711,15.68,14.35,2.09,69.41,100.00,100.00
712,15.70,14.45,2.09,67.17,100.00,100.00
713,15.61,14.56,2.08,71.70,95.71,98.57
714,13.15,14.52,1.75,45.08,0.00,65.24
715,13.62,14.50,1.82,47.15,18.43,38.05
716,13.40,14.45,1.79,45.34,9.80,9.41
717,13.49,14.41,1.80,44.64,13.33,13.86
718,14.05,14.44,1.87,53.60,35.29,19.48
719,13.74,14.40,1.83,46.05,23.14,23.92
720,13.68,14.38,1.82,46.60,20.78,26.41
721,13.68,14.34,1.82,46.05,20.78,21.57
722,13.36,14.24,1.78,37.66,8.24,16.60
723,12.96,14.11,1.73,34.13,0.00,9.67
724,12.82,13.92,1.71,25.51,0.00,2.75
725,13.05,13.74,1.74,25.51,7.99,2.66
726,13.18,13.56,1.76,27.01,12.50,6.83
727,13.18,13.38,1.76,27.46,12.90,11.13
728,12.87,13.36,1.72,45.68,4.07,9.82
729,12.84,13.31,1.71,36.07,1.63,6.20
730,12.85,13.27,1.71,39.38,2.44,2.71
731,12.90,13.23,1.72,38.43,6.50,3.52
732,12.94,13.15,1.73,22.66,9.76,6.23
733,12.62,13.07,1.68,22.55,0.00,5.42
734,12.62,12.99,1.68,23.23,0.00,3.25
735,12.28,12.89,1.64,19.83,0.00,0.00
736,12.29,12.81,1.64,23.38,0.93,0.31
737,11.86,12.74,1.58,23.04,0.00,0.31
738,11.64,12.65,1.55,22.17,0.00,0.31
739,12.04,12.58,1.61,27.95,25.97,8.66
740,11.93,12.49,1.59,22.47,18.83,14.94
741,12.27,12.43,1.64,32.57,40.91,28.57
742,12.21,12.38,1.63,36.02,43.85,34.53
743,12.08,12.32,1.61,34.55,33.85,39.53
744,12.18,12.28,1.62,36.86,41.54,39.74
745,12.37,12.24,1.65,40.15,56.15,43.85
746,12.36,12.20,1.65,39.10,55.38,51.03
747,12.43,12.18,1.66,46.06,80.61,64.05
748,12.21,12.15,1.63,42.21,58.16,64.72
749,12.17,12.15,1.62,47.64,67.09,68.62
750,11.93,12.12,1.59,42.97,36.71,53.99
751,11.98,12.13,1.60,52.75,43.04,48.95
752,12.33,12.18,1.64,64.94,87.34,55.70
753,12.94,12.24,1.73,67.86,100.00,76.79
754,12.87,12.31,1.72,68.95,93.07,93.47
755,13.05,12.37,1.74,66.81,100.00,97.69
756,12.89,12.41,1.72,64.05,85.71,92.93
757,12.94,12.47,1.73,68.38,90.18,91.96
758,13.23,12.55,1.76,70.75,100.00,91.96
759,13.10,12.60,1.75,64.78,90.00,93.39
760,12.69,12.63,1.69,55.75,58.46,82.82
761,12.88,12.66,1.72,57.53,73.08,73.85
762,13.22,12.73,1.76,66.24,99.23,76.92
763,13.06,12.79,1.74,63.78,86.92,86.41
764,13.00,12.87,1.73,67.54,82.31,89.49
765,13.13,12.95,1.75,68.37,92.00,87.08
766,13.29,13.02,1.77,66.33,100.00,33.33
767,13.12,13.03,1.75,53.60,71.67,57.22
768,13.51,13.08,1.80,61.35,100.00,90.56
769,13.31,13.10,1.77,54.58,75.61,82.43
770,13.40,13.13,1.79,59.21,86.59,87.40
771,13.55,13.18,1.81,60.63,100.00,87.40
772,13.49,13.20,1.80,54.92,93.02,93.20
773,13.52,13.23,1.80,58.27,96.51,96.51
774,13.19,13.26,1.76,60.16,58.14,82.56
775,12.95,13.27,1.73,51.39,10.45,55.03
776,13.08,13.26,1.74,46.96,21.67,30.08
777,13.15,13.26,1.75,52.04,33.33,21.82
778,13.13,13.27,1.75,53.00,30.00,28.33
779,13.05,13.27,1.74,48.11,16.67,26.67
780,13.60,13.29,1.81,56.18,100.00,48.89
781,13.34,13.31,1.78,54.23,60.00,58.89
782,13.79,13.32,1.84,55.26,100.00,86.67
783,13.76,13.36,1.83,59.04,96.43,85.48
784,13.80,13.39,1.84,58.20,100.00,98.81
785,13.88,13.41,1.85,56.96,100.00,98.81
786,13.87,13.44,1.85,58.19,98.92,99.64
787,13.85,13.46,1.85,57.14,96.77,98.57
788,13.45,13.48,1.79,55.46,53.76,83.15
789,13.65,13.53,1.82,64.96,75.27,75.27
790,14.02,13.60,1.87,68.22,100.00,76.34
791,14.17,13.67,1.89,69.17,100.00,91.76
792,14.41,13.76,1.92,72.22,100.00,100.00
793,15.02,13.90,2.00,78.89,100.00,100.00
794,15.02,14.00,2.00,74.83,100.00,100.00
795,14.71,14.10,1.96,73.54,81.55,93.85
796,14.99,14.19,2.00,71.90,98.09,93.21
797,14.87,14.27,1.98,69.61,90.45,90.03
798,15.03,14.35,2.00,70.85,100.00,96.18
799,15.04,14.44,2.01,70.14,100.00,96.82
800,15.04,14.52,2.01,70.38,100.00,100.00
801,15.04,14.60,2.01,70.88,100.00,100.00
802,15.14,14.73,2.02,83.14,100.00,100.00
803,15.87,14.88,2.12,86.04,100.00,100.00
804,15.67,15.00,2.09,78.35,89.19,96.40
805,15.69,15.11,2.09,77.34,89.41,92.87
806,15.84,15.21,2.11,76.58,97.95,92.18
807,15.56,15.25,2.07,61.44,73.28,86.88
808,15.31,15.27,2.04,55.56,51.72,74.32
809,15.34,15.32,2.05,63.52,54.31,59.77
810,15.30,15.34,2.04,57.42,43.00,49.68
811,15.40,15.38,2.05,62.80,53.00,50.10
812,15.98,15.44,2.13,69.08,100.00,65.33
813,15.66,15.49,2.09,61.07,65.96,72.99
814,15.90,15.55,2.12,64.14,91.49,85.82
815,15.69,15.60,2.09,60.00,69.15,75.53
816,15.89,15.65,2.12,61.19,89.29,83.31
817,16.19,15.67,2.16,55.48,100.00,86.14
818,16.08,15.70,2.14,57.24,87.64,92.31
819,16.08,15.73,2.14,56.94,87.64,91.76
820,16.08,15.75,2.14,54.51,87.64,87.64
821,16.12,15.79,2.15,61.57,92.13,89.14
822,16.13,15.85,2.15,68.81,93.26,91.01
823,16.16,15.90,2.15,68.81,96.63,94.01
824,16.15,15.96,2.15,69.77,95.51,95.13
825,16.22,16.02,2.16,69.34,100.00,97.38
826,16.20,16.04,2.16,57.05,96.43,97.31
827,16.51,16.10,2.20,77.42,100.00,98.81
828,16.72,16.16,2.23,76.97,100.00,98.81
829,16.73,16.23,2.23,89.39,100.00,100.00
830,17.03,16.31,2.27,90.14,100.00,100.00
831,16.78,16.36,2.24,71.53,73.68,91.23
832,16.77,16.41,2.24,77.17,72.63,82.11
833,16.90,16.46,2.25,79.29,86.32,77.54
834,16.90,16.52,2.25,79.29,86.32,81.75
835,16.94,16.58,2.26,79.29,90.11,87.58
836,17.43,16.67,2.32,84.57,100.00,92.14
837,16.50,16.70,2.20,56.12,27.34,72.48
838,16.95,16.76,2.26,62.42,62.50,63.28
839,16.72,16.79,2.23,57.40,42.28,44.04
840,16.72,16.83,2.23,57.74,42.28,49.02
841,16.64,16.84,2.22,52.08,15.05,33.20
842,15.35,16.74,2.05,33.73,0.00,19.11
843,15.35,16.64,2.05,33.57,0.00,5.02
844,15.81,16.55,2.11,36.01,22.12,7.37
845,16.02,16.50,2.14,41.20,32.21,18.11
846,16.02,16.45,2.14,41.30,32.21,28.85
847,15.90,16.38,2.12,38.37,26.44,30.29
848,16.11,16.32,2.15,41.24,36.54,31.73
849,16.19,16.26,2.16,41.76,40.38,34.46
850,16.10,16.17,2.15,33.98,36.06,37.66
851,15.87,16.13,2.12,40.87,32.50,36.31
852,15.84,16.05,2.11,31.68,30.62,33.06
853,15.33,15.95,2.04,29.00,0.00,21.04
854,15.38,15.85,2.05,30.06,3.60,11.41
855,15.61,15.78,2.08,35.33,21.37,8.32
856,15.48,15.79,2.06,52.77,17.44,14.14
857,15.31,15.78,2.04,49.21,0.00,12.94
858,15.52,15.76,2.07,43.61,23.86,13.77
859,15.26,15.71,2.03,33.62,0.00,7.95
860,15.35,15.66,2.05,36.10,9.68,11.18
861,15.38,15.62,2.05,38.79,12.90,7.53
862,15.49,15.58,2.07,36.04,24.73,15.77
863,15.18,15.51,2.02,29.39,0.00,12.54
864,15.01,15.43,2.00,28.46,0.00,8.24
865,14.95,15.36,1.99,30.51,0.00,0.00
866,15.22,15.32,2.03,38.08,30.34,10.11
867,15.14,15.31,2.02,45.62,28.79,19.71
868,15.24,15.30,2.03,46.85,43.94,34.35
869,15.86,15.31,2.11,54.79,100.00,57.58
870,15.75,15.33,2.10,55.21,87.91,77.28
871,15.75,15.36,2.10,59.09,87.91,91.94
872,15.97,15.40,2.13,59.26,100.00,91.94
873,16.05,15.45,2.14,67.56,100.00,95.97
874,16.10,15.51,2.15,66.97,100.00,100.00
875,16.10,15.56,2.15,66.51,100.00,100.00
876,16.55,15.63,2.21,71.03,100.00,100.00
877,16.70,15.74,2.23,82.20,100.00,100.00
878,16.73,15.86,2.23,88.74,100.00,100.00
879,16.83,16.00,2.24,91.59,100.00,100.00
880,17.03,16.13,2.27,91.32,100.00,100.00
881,17.03,16.26,2.27,94.79,100.00,100.00
882,16.80,16.38,2.24,84.82,87.15,95.72
883,17.25,16.47,2.30,83.57,100.00,95.72
884,17.30,16.59,2.31,88.56,100.00,95.72
885,17.35,16.70,2.31,88.83,100.00,100.00
886,17.65,16.82,2.35,89.25,100.00,100.00
887,18.36,16.98,2.45,91.70,100.00,100.00
888,18.22,17.14,2.43,87.06,93.81,97.94
889,18.26,17.29,2.43,87.24,95.58,96.46
890,18.47,17.43,2.46,86.09,100.00,96.46
891,18.24,17.54,2.43,78.10,87.01,94.19
892,19.34,17.72,2.58,84.25,100.00,95.67
893,19.34,17.90,2.58,83.83,100.00,95.67
894,19.93,18.11,2.66,85.37,100.00,33.33
895,19.85,18.31,2.65,83.73,97.44,65.81
896,19.49,18.50,2.60,81.21,85.94,94.46
897,19.70,18.68,2.63,80.10,91.42,91.60
898,20.52,18.91,2.74,83.26,100.00,92.45
899,19.97,19.10,2.66,74.53,82.65,91.36
900,19.04,19.19,2.54,61.64,48.43,77.03
901,19.99,19.31,2.67,63.12,76.96,69.35
902,19.44,19.40,2.59,59.21,53.04,59.48
903,19.05,19.45,2.54,55.67,35.53,55.18
904,18.77,19.48,2.50,52.13,23.25,37.27
905,19.25,19.55,2.57,56.93,44.30,34.36
906,19.40,19.55,2.59,50.47,36.00,34.51
907,19.42,19.56,2.59,50.63,37.14,39.15
908,20.05,19.57,2.67,50.94,73.14,48.76
909,20.44,0.00,20.44,0.00,0.00,0.00
910,20.25,0.00,20.41,0.00,0.00,0.00
911,20.74,0.00,2.77,0.00,0.00,0.00
912,21.12,0.00,2.82,0.00,0.00,0.00
913,21.52,0.00,2.87,0.00,0.00,0.00
914,21.50,0.00,2.87,0.00,0.00,0.00
915,21.46,0.00,2.86,0.00,0.00,0.00
916,21.03,0.00,2.80,0.00,0.00,0.00
917,21.51,0.00,2.87,0.00,0.00,0.00
918,22.12,0.00,2.95,0.00,0.00,0.00
919,21.90,0.00,2.92,0.00,0.00,0.00
920,21.67,0.00,2.89,0.00,0.00,0.00
921,21.70,0.00,2.89,0.00,0.00,0.00
922,22.39,0.00,2.99,0.00,0.00,0.00
923,22.33,21.52,2.98,72.13,97.20,0.00
924,22.11,21.65,2.95,71.63,86.92,0.00
925,22.38,21.77,2.98,70.10,99.39,94.50
926,21.31,21.78,2.84,51.99,20.59,68.97
927,21.43,21.77,2.86,49.00,29.41,49.80
928,20.93,21.73,2.79,44.27,0.00,16.67
929,21.16,21.71,2.82,47.09,15.75,15.06
930,22.05,21.78,2.94,59.07,76.71,30.82
931,21.72,21.80,2.90,51.92,54.11,48.86
932,21.75,21.77,2.90,46.22,56.16,62.33
933,22.03,21.78,2.94,51.31,75.34,61.87
934,21.44,21.77,2.86,47.83,34.93,55.48
935,21.20,21.73,2.83,45.47,18.49,42.92
936,21.41,21.66,2.85,40.28,32.88,28.77
937,20.90,21.56,2.79,36.98,0.00,17.12
938,20.71,21.46,2.76,37.18,0.00,10.96
939,20.38,21.32,2.72,31.88,0.00,0.00
940,21.15,21.30,2.82,48.47,46.11,15.37
941,21.28,21.29,2.84,48.57,53.89,17.96
942,20.53,21.26,2.74,46.35,8.98,20.96
943,21.40,21.28,2.85,51.96,61.08,41.32
944,21.80,21.26,2.91,47.78,85.03,51.70
945,21.68,21.26,2.89,49.63,78.79,74.97
946,21.20,21.22,2.83,45.32,49.70,71.17
947,20.62,21.12,2.75,38.57,14.55,47.68
948,21.03,21.09,2.80,46.58,45.77,36.67
949,21.80,21.13,2.91,54.60,100.00,53.44
950,22.20,21.19,2.96,55.89,100.00,81.92
951,22.36,21.30,2.98,61.48,100.00,100.00
952,22.48,21.42,3.00,64.07,100.00,100.00
953,22.40,21.57,2.99,66.72,96.19,98.73
954,21.73,21.61,2.90,54.88,61.54,85.91
955,22.63,21.70,3.02,60.06,100.00,85.91
956,22.71,21.86,3.03,68.05,100.00,87.18
957,22.97,21.97,3.06,64.46,100.00,100.00
958,22.60,22.03,3.01,57.41,84.26,94.75
959,22.45,22.08,2.99,57.09,77.87,87.38
960,22.27,22.16,2.97,60.43,70.21,77.45
961,22.65,22.31,3.02,70.59,86.38,78.16
962,22.91,22.44,3.05,69.67,96.91,84.50
963,24.78,22.65,3.30,75.34,100.00,94.43
964,25.75,22.91,3.43,77.52,100.00,98.97
965,25.44,23.13,3.39,73.33,92.29,97.43
966,26.24,23.40,3.50,75.82,100.00,97.43
967,26.79,23.71,3.57,78.32,100.00,97.43
968,27.39,24.11,3.65,86.85,100.00,100.00
969,25.95,24.35,3.46,70.19,71.88,90.63
970,25.65,24.56,3.42,67.42,66.02,79.30
971,25.05,24.71,3.34,61.85,54.30,64.06
972,24.71,24.86,3.29,62.06,47.66,55.99
973,23.27,24.92,3.10,54.08,19.53,40.49
974,20.08,24.76,2.68,41.61,0.00,22.40
975,19.80,24.56,2.64,39.00,0.00,6.51
976,16.91,24.13,2.25,30.74,0.00,0.00
977,19.30,23.74,2.57,32.98,22.81,7.60
978,18.98,23.25,2.53,28.09,19.75,14.19
979,16.16,22.59,2.15,24.16,0.00,14.19
980,17.53,21.97,2.34,26.50,12.20,10.65
981,16.59,21.24,2.21,23.04,3.83,5.34
982,16.33,20.45,2.18,20.24,1.51,5.85
983,15.76,19.72,2.10,21.23,0.00,1.78
984,15.25,18.98,2.03,20.98,0.00,0.50
985,15.41,18.29,2.05,22.43,1.63,0.54
986,15.46,17.63,2.06,23.09,2.22,1.28
987,15.17,17.05,2.02,24.75,0.00,1.28
988,15.10,16.70,2.01,30.73,0.00,0.74
989,14.97,16.35,2.00,31.09,0.00,0.00
990,14.50,16.18,1.93,38.36,0.00,0.00
991,15.42,15.90,2.06,28.15,19.17,6.39
992,16.21,15.70,2.16,35.19,38.17,19.11
993,15.10,15.63,2.01,43.06,19.80,25.71
994,15.11,15.46,2.01,30.73,20.13,26.03
995,15.70,15.39,2.09,42.50,57.42,32.45
996,16.04,15.37,2.14,47.59,84.15,53.90
997,16.55,15.43,2.21,56.64,100.00,80.52
998,16.60,15.52,2.21,62.30,100.00,94.72
999,17.19,15.65,2.29,65.03,100.00,100.00
1000,17.47,15.80,2.33,66.34,100.00,100.00
1001,17.50,15.96,2.33,69.78,100.00,100.00
1002,17.61,16.14,2.35,71.16,100.00,100.00
1003,17.86,16.35,2.38,73.88,100.00,100.00
1004,17.94,16.59,2.39,80.39,100.00,100.00
1005,17.75,16.76,2.37,73.63,93.31,97.77
1006,17.41,16.85,2.32,63.39,81.34,91.55
1007,17.95,17.05,2.39,86.44,100.00,91.55
1008,18.11,17.26,2.41,86.95,100.00,93.78
1009,17.88,17.42,2.38,79.46,90.46,96.82
1010,18.29,17.58,2.44,79.84,100.00,96.82
1011,18.05,17.69,2.41,71.43,86.21,92.22
1012,18.40,17.82,2.45,73.68,100.00,95.40
1013,19.29,17.97,2.57,75.61,100.00,95.40
1014,19.26,18.09,2.57,73.25,98.40,99.47
1015,19.66,18.25,2.62,75.59,100.00,99.47
1016,19.96,18.41,2.66,76.64,100.00,99.47
1017,19.41,18.53,2.59,66.45,78.43,92.81
1018,19.77,18.66,2.64,68.34,92.55,90.33
1019,19.89,18.81,2.65,71.75,97.25,89.41
1020,19.72,18.97,2.63,74.32,90.59,93.46
1021,20.01,19.12,2.67,72.89,100.00,95.95
1022,20.41,19.29,2.72,74.26,100.00,96.86
1023,21.11,19.52,2.81,81.00,100.00,100.00
1024,21.04,19.71,2.81,78.23,97.71,99.24
1025,20.71,19.90,2.76,76.81,86.93,94.88
1026,20.14,20.03,2.69,66.80,64.21,82.95
1027,20.34,20.10,2.71,61.69,58.38,69.84
1028,19.59,20.13,2.61,53.17,17.84,46.81
1029,20.04,20.15,2.67,53.61,37.06,37.76
1030,19.98,20.15,2.66,50.20,33.53,29.48
1031,19.05,20.13,2.54,46.67,0.00,23.53
1032,18.95,20.07,2.53,42.02,0.00,11.18
1033,18.46,19.97,2.46,37.02,0.00,0.00
1034,18.36,19.87,2.45,37.50,0.00,0.00
1035,17.72,19.71,2.36,30.22,0.00,0.00
1036,18.35,19.56,2.45,32.89,18.58,6.19
1037,17.95,19.33,2.39,22.38,6.78,2.26
1038,18.30,19.14,2.44,27.17,17.47,8.08
1039,18.71,19.00,2.49,33.55,33.11,19.12
1040,18.35,18.87,2.45,34.75,24.05,24.88
1041,19.30,18.79,2.57,42.15,60.31,39.15
1042,18.80,18.74,2.51,43.80,46.55,43.63
1043,19.26,18.68,2.57,43.89,66.38,57.75
1044,19.00,18.61,2.53,42.55,56.64,56.52
1045,18.65,18.58,2.49,46.67,58.86,60.63
1046,18.75,18.57,2.50,48.33,65.19,60.23
1047,18.99,18.61,2.53,54.61,80.38,68.14
1048,19.26,18.67,2.57,57.60,97.47,81.01
1049,18.50,18.73,2.47,56.46,49.37,75.74
1050,18.95,18.77,2.53,55.12,74.07,73.64
1051,18.71,18.82,2.49,56.67,56.30,59.91
1052,18.79,18.86,2.51,54.51,49.00,59.79
1053,19.40,18.91,2.59,56.13,100.00,68.43
1054,20.25,19.04,2.70,65.52,100.00,83.00
1055,19.98,19.09,2.66,56.25,84.57,94.86
1056,19.87,19.17,2.65,60.59,78.29,87.62
1057,20.14,19.23,2.69,59.05,93.71,85.52
1058,20.00,19.30,2.67,60.55,85.71,85.90
1059,20.08,19.40,2.68,66.00,90.29,89.90
1060,20.19,19.51,2.69,66.07,96.57,90.86
1061,21.46,19.68,2.86,72.41,100.00,95.62
1062,21.09,19.82,2.81,66.31,87.50,94.69
1063,21.00,19.99,2.80,75.30,84.46,90.65
1064,22.82,20.27,3.04,80.67,100.00,90.65
1065,23.79,20.63,3.17,86.08,100.00,94.82
1066,24.02,21.01,3.20,86.37,100.00,100.00
1067,23.96,21.33,3.19,84.34,98.70,99.57
1068,26.60,21.79,3.55,87.66,100.00,99.57
1069,26.82,22.27,3.58,90.81,100.00,99.57
1070,26.05,22.72,3.47,84.18,88.92,96.31
1071,25.29,23.08,3.37,77.02,77.57,88.83
1072,25.77,23.50,3.44,79.23,84.60,83.70
1073,26.73,23.97,3.56,80.93,98.66,86.94
1074,26.45,24.42,3.53,78.66,94.42,92.56
1075,25.70,24.72,3.43,70.38,80.76,91.28
1076,25.92,25.07,3.46,73.56,84.54,86.57
1077,26.53,25.46,3.54,75.67,95.02,86.77
1078,26.20,25.70,3.49,68.21,84.50,88.02
1079,25.68,25.84,3.42,60.70,62.38,80.63
1080,26.32,26.00,3.51,62.45,82.52,76.46
1081,27.60,26.26,3.68,67.40,100.00,81.63
1082,26.42,26.25,3.52,49.00,48.92,77.15
1083,28.00,26.33,3.73,55.69,100.00,82.97
1084,27.62,26.45,3.68,57.87,85.98,78.30
1085,27.32,26.59,3.64,60.67,74.91,86.96
1086,28.16,26.76,3.75,62.11,100.00,86.96
1087,27.19,26.79,3.63,52.33,60.89,78.60
1088,26.30,26.78,3.51,49.29,25.00,61.96
1089,25.35,26.76,3.38,48.36,0.00,28.63
1090,25.46,26.73,3.39,47.83,3.91,9.64
1091,25.33,26.64,3.38,44.06,0.00,1.30
1092,24.24,26.50,3.23,40.98,0.00,1.30
1093,25.10,26.46,3.35,47.41,21.94,7.31
1094,25.80,26.42,3.44,47.69,39.80,20.58
1095,26.00,26.31,3.47,42.14,44.90,35.54
1096,25.17,26.22,3.36,43.64,23.72,36.14
1097,25.15,26.01,3.35,32.77,23.21,30.61
1098,24.37,25.78,3.25,31.26,3.32,16.75
1099,24.25,25.56,3.23,31.92,0.26,8.93
1100,25.53,25.37,3.40,35.27,32.91,12.16
1101,25.38,25.24,3.38,38.84,38.64,23.94
1102,25.17,25.16,3.36,42.40,45.15,38.90
1103,25.46,25.17,3.39,50.81,69.32,51.04
1104,25.94,25.21,3.46,53.36,96.59,70.35
1105,25.34,25.21,3.38,50.07,62.50,76.14
1106,25.56,25.30,3.41,59.79,75.00,78.03
1107,24.59,25.27,3.28,46.28,19.43,52.31
1108,24.77,25.19,3.30,41.86,29.71,41.38
1109,23.44,25.01,3.13,32.84,0.00,16.38
1110,23.29,24.87,3.11,36.14,0.00,9.90
1111,23.30,24.74,3.11,36.34,0.38,0.13
1112,23.36,24.67,3.11,41.65,2.64,1.01
1113,23.05,24.58,3.07,40.38,0.00,1.01
1114,22.87,24.39,3.05,24.12,0.00,0.88
1115,22.00,24.15,2.93,21.16,0.00,0.00
1116,22.25,23.94,2.97,25.25,6.35,2.12
1117,21.49,23.66,2.87,18.84,0.00,2.12
1118,21.55,23.35,2.87,13.11,1.35,2.56
1119,21.68,23.09,2.89,16.61,4.67,2.01
1120,21.67,22.81,2.89,13.09,4.42,3.48
1121,22.68,22.67,3.02,32.02,36.28,15.12
1122,24.06,22.62,3.21,44.55,78.35,39.69
1123,24.65,22.71,3.29,60.49,100.00,71.54
1124,24.72,22.81,3.30,62.57,100.00,92.78
1125,25.11,22.94,3.35,64.91,100.00,100.00
1126,24.96,23.05,3.33,62.99,95.86,98.62
1127,25.48,23.23,3.40,69.07,100.00,98.62
1128,25.26,23.40,3.37,68.64,94.49,96.78
1129,24.99,23.61,3.33,75.73,87.72,94.07
1130,24.85,23.80,3.31,72.81,84.21,88.81
1131,24.83,24.03,3.31,83.67,83.71,85.21
1132,24.82,24.27,3.31,83.30,83.21,83.71
1133,25.16,24.52,3.35,83.98,91.60,86.17
1134,25.40,24.78,3.39,84.86,97.90,90.90
1135,25.53,24.99,3.40,81.88,100.00,96.50
1136,25.13,25.06,3.35,65.33,72.79,90.23
1137,25.43,25.12,3.39,62.19,88.64,87.14
1138,25.54,25.18,3.41,62.65,100.00,87.14
1139,24.77,25.15,3.30,45.30,0.00,62.88
1140,25.37,25.18,3.38,55.04,77.92,59.31
1141,25.62,25.19,3.42,51.84,100.00,59.31
1142,25.58,25.22,3.41,54.42,95.29,91.07
1143,25.80,25.27,3.44,61.34,100.00,98.43
1144,26.03,25.36,3.47,66.12,100.00,98.43
1145,26.08,25.45,3.48,66.94,100.00,100.00
1146,25.49,25.49,3.40,57.85,54.96,84.99
1147,25.09,25.49,3.35,49.19,24.43,59.80
1148,25.13,25.47,3.35,46.73,27.48,35.62
1149,24.84,25.42,3.31,41.96,5.34,19.08
1150,25.72,25.46,3.43,56.18,72.52,35.11
1151,26.05,25.51,3.47,56.46,97.71,58.52
1152,26.95,25.61,3.59,62.61,100.00,90.08
1153,26.84,25.76,3.58,70.99,94.95,97.55
1154,26.76,25.86,3.57,65.76,91.00,95.32
1155,27.38,25.98,3.65,68.41,100.00,95.32
1156,27.04,26.09,3.61,64.37,86.61,92.54
1157,27.40,26.20,3.65,65.33,100.00,95.54
1158,27.13,26.28,3.62,60.46,89.45,92.02
1159,26.70,26.32,3.56,55.50,72.66,87.37
1160,26.58,26.40,3.54,60.54,67.97,76.69
1161,27.08,26.54,3.61,68.88,87.50,76.04
1162,27.06,26.68,3.61,68.38,86.72,80.73
1163,26.70,26.81,3.56,67.48,72.66,82.29
1164,26.76,26.89,3.57,61.56,61.90,73.76
1165,26.77,26.94,3.57,58.61,53.33,62.63
1166,26.67,26.92,3.56,45.86,10.98,42.07
1167,27.75,26.98,3.70,60.46,100.00,54.77
1168,27.50,27.04,3.67,58.19,78.63,63.20
1169,28.10,27.09,3.75,58.00,100.00,92.88
1170,28.19,27.17,3.76,63.53,100.00,92.88
1171,28.25,27.23,3.77,60.76,100.00,100.00
1172,28.74,27.35,3.83,69.30,100.00,100.00
1173,29.20,27.52,3.89,79.76,100.00,100.00
1174,28.97,27.70,3.86,77.73,91.22,97.07
1175,28.56,27.80,3.81,67.54,74.70,88.64
1176,27.00,27.80,3.60,49.48,13.04,59.66
1177,27.34,27.84,3.65,55.57,26.48,38.08
1178,28.63,27.98,3.82,63.41,77.47,39.00
1179,27.34,28.02,3.65,53.45,26.48,43.48
1180,28.06,28.12,3.74,57.84,54.94,52.96
1181,28.06,28.14,3.74,51.99,48.18,43.20
1182,28.00,28.17,3.73,53.29,45.45,49.53
1183,28.29,28.19,3.77,51.30,58.64,50.76
1184,27.54,28.14,3.67,45.91,24.55,42.88
1185,28.47,28.16,3.80,51.25,66.82,50.00
1186,28.78,28.16,3.84,50.23,80.91,57.42
1187,29.25,28.16,3.90,50.29,100.00,82.58
1188,29.16,28.18,3.89,51.12,96.00,92.30
1189,28.78,28.19,3.84,51.30,79.11,91.70
1190,28.00,28.26,3.73,56.49,44.44,73.19
1191,25.83,28.16,3.44,42.08,0.00,41.19
1192,25.93,27.96,3.46,33.81,2.92,15.79
1193,26.72,27.92,3.56,46.05,26.02,9.65
1194,26.75,27.83,3.57,40.84,26.90,18.62
1195,27.60,27.79,3.68,47.13,51.75,34.89
1196,27.44,27.75,3.66,46.54,47.08,41.91
1197,27.68,27.71,3.69,46.21,54.09,50.97
1198,27.60,27.71,3.68,50.41,51.75,50.97
1199,27.80,27.67,3.71,44.96,57.60,54.48
1200,27.25,27.56,3.63,38.90,41.52,50.29
1201,27.37,27.42,3.65,35.63,45.03,48.05
1202,27.11,27.28,3.61,34.72,38.44,41.66
1203,26.73,27.13,3.56,34.72,30.51,37.99
1204,26.85,27.05,3.58,40.50,47.00,38.65
1205,26.77,27.11,3.57,61.87,47.72,41.74
1206,26.35,27.14,3.51,54.91,22.46,39.06
1207,27.37,27.19,3.65,57.21,70.34,46.84
1208,26.83,27.20,3.58,50.80,33.10,41.97
1209,26.68,27.13,3.56,39.35,22.76,42.07
1210,25.90,27.02,3.45,34.41,0.00,18.62
1211,26.00,26.90,3.47,32.50,5.26,9.34
1212,0.00,0.00,0.00,0.00,0.00,0.00
1213,0.00,0.00,0.00,0.00,0.00,0.00
